0,admin,admin,45,admin@yahoo.com,admin70_7,F,AB+,NULL,NULL,12-03-2022,
1,Linda,Grey,45,lili@yahoo.com,iamLinda77,F,AB+,NULL,NULL,25-07-2022,
3,Ahmed,Hashem,26,memo55@yahoo/com,192837465,M,B+,NULL,NULL,27-09-2020,
6,Kamal,Khalid,30,akainzc@nymag.com,X7QDer,M,AB-,Thyroid disease,Azithromycin,31-08-2017,
7,Jake,Beck,28,epunchd@google.fr,Z3GB85sXe78I,M,A-,NULL,NULL,03-03-2022,
10,Hany,Henry,39,cyoxallg@hp.com,nbagjqN,M,AB+,NULL,NULL,21-09-2021,
11,Christina,Nour,36,sgovanh@goo.gl,rErj1q,F,B-,NULL,NULL,10-05-2019,
12,Sandy,Amer,26,mespadateri@soup.io,7OeHE66jJ%,F,AB-,Low blood pressure,Prednisone,11-11-2011,
13,Sara,Taha,17,aharrowerj@etsy.com,SAtuYXryB5O#E,F,A+,NULL,NULL,05-08-2022,
14,Ahmad,Zaher,48,khewinsk@google.nl,VKtXCPtgap,M,B-,low blood pressure,Sertraline,13-09-2020,
16,Ali,Kandil,16,ssibbornm@springer.com,hzhYp12@0,M,O-,NULL,NULL,10-10-2021,
17,Zaki,Salama,34,kfedoronkon@answers.com,uAT5iQx@,M,A+,NULL,NULL,15-05-2021,
18,Henry,Elkhouly,22,stamletto@zdnet.com,NWkRsQKIKWXs_,M,A+,NULL,NULL,10-05-2021,
19,Zaina,Zein,37,spiriep@reverbnation.com,yT3vIIB5B@,F,B+,Cancer,Omeprazole,2403-2022,
20,Sherwett,Talaat,20,agladdisq@stanford.edu,xYKiT7Tn_,F,AB-,Diabetes,Azithromycin,31-12-2021,
21,ahmedd,nasr,25,test@in.com,Test123456@,M,O+,NULL,NULL,01-01-2000,
