1,Georgette,Raysdale,F,17,hraysdale0@plala.or.jp,X6oSGoNOM9,AB-,Matareya,Harriet
2,Elfie,Gallagher,F,43,mgallagher1@cafepress.com,gannrEFch6,O-,6th Of October,Maribelle
3,Brynn,Leisman,F,21,cleisman2@cafepress.com,Al6XUXjh,AB-,Ain Shams,Celine
4,Andy,Lead,M,83,glead3@blog.com,xUXa9v1v,AB-,Dokki,Gawen
5,Fons,Reimer,M,67,mreimer4@reddit.com,P6ybUpPQ2W,AB+,Ain Shams,Morton
6,Pam,Van Arsdall,F,33,evanarsdall5@google.de,SgWWcY,O+,Mohandeseen,Erinn
7,Andros,Learmond,M,68,flearmond6@weibo.com,u6Ykd6g,B-,Maadi,Fidole
8,Karney,Wagstaffe,M,63,dwagstaffe7@last.fm,b3gVENQJs0,B+,Imbabah,Dru
9,Ruprecht,Wethered,M,60,swethered8@list-manage.com,CcugngPlnA,O+,Mokattam,Simeon
10,Carolina,Rajchert,F,24,rrajchert9@state.gov,YljV7x,O+,Mokattam,Rhea
11,Benton,Mowsdell,M,90,jmowsdella@php.net,oGMrKc,A-,Zamalek,Jerrome
12,Danny,Vertigan,M,55,cvertiganb@gnu.org,hlvYN3ocUx9,B-,Mokattam,Carl
13,Valma,Mayfield,F,80,emayfieldc@hibu.com,GW7ogPyC,O-,Matareya,Eustacia
14,Marchall,Dunbobin,M,44,kdunbobind@auda.org.au,BeuDCt,A-,Dokki,Kippar
15,Benjamen,Caudray,M,73,tcaudraye@diigo.com,fZ5VjB,AB+,Dokki,Thatcher
16,Storm,Nettle,F,37,vnettlef@jugem.jp,JrtjfV5yE6YM,B-,6th Of October,Viv
17,Jasper,Demageard,M,10,ddemageardg@google.com.hk,q4xJuB28,B+,Imbabah,Dennet
18,Verge,Frangello,M,38,cfrangelloh@diigo.com,LXGkNf2Ikf,A-,Dokki,Christoper
19,Stacy,Duce,M,74,tducei@1und1.de,4jXAaYps6w,A+,Ramsees,Thaine
20,Roth,Heggs,M,83,bheggsj@ed.gov,NfxVF0cfGQBN,O+,New Cairo,Bronson
21,Denise,Biernacki,F,24,mbiernackik@howstuffworks.com,Lv8fQ2d,AB-,Helioplis,Mikaela
22,Ericka,Rummery,F,66,mrummeryl@multiply.com,RI0a8XbQJh,A-,Matareya,Margareta
23,Theda,McNulty,F,14,bmcnultym@ocn.ne.jp,2MSdZfPR8,O-,Ain Shams,Bea
24,Tiena,Dovermann,F,70,adovermannn@toplist.cz,n07wfxaTGb,O+,Nasr City,Adena
25,Randolf,Scally,M,3,pscallyo@indiegogo.com,m8pQPJYZ,B-,Zamalek,Pren
26,Carmelita,Fitchet,F,60,sfitchetp@omniture.com,OLclPNG,O+,Matareya,Sheilah
27,Iago,Dodworth,M,13,cdodworthq@dedecms.com,pk8lbfcBkxUL,AB+,Mohandeseen,Curtis
28,Gianina,Ohlsen,F,20,dohlsenr@mit.edu,l0royJuEZOE,B+,Mokattam,Darci
29,Oren,Braferton,M,18,ibrafertons@google.it,l3QwlUE2,A-,Shobra,Isadore
30,Morlee,Hedley,M,14,ohedleyt@flickr.com,0eJ368x82z,O+,Mohandeseen,Olivero